Time,X,Y
0.13,99.2,10.129999999999999
0.24,101.87,12.8
0.35,102.4,13.87
0.46,104.0,17.07
0.57,105.6,20.8
0.68,106.13,22.93
0.79,107.72999999999999,26.669999999999998
0.89,108.8,28.8
1.0,110.4,32.53
1.11,112.0,36.269999999999996
1.22,112.53,37.33
1.33,113.07000000000001,39.47
1.44,113.07000000000001,40.0
1.55,113.07000000000001,40.53
1.66,113.6,41.6
1.76,114.13,41.6
1.87,114.13,42.13
1.98,114.13,42.67
2.09,114.13,42.67
2.19,114.13,43.2
2.3,114.13,43.730000000000004
