Time,X,Y
0.15,132.8,38.93
0.26,133.87,40.53
0.38,133.87,41.6
0.48,133.87,43.730000000000004
0.6,133.32999999999998,44.8
0.71,131.73,47.47
0.82,129.6,49.6
0.93,128.53,50.13
1.03,125.87,50.67
1.14,123.2,50.67
1.25,122.13,50.13
1.36,119.47,48.53
1.47,118.4,46.93
1.58,117.87,45.87
1.69,117.87,44.269999999999996
1.8,116.8,43.730000000000004
1.91,116.8,43.2
2.02,116.8,42.67
2.13,116.27000000000001,42.67
2.24,116.27000000000001,42.67
2.35,116.8,42.13
2.47,116.8,41.6
2.57,117.33,41.07
