Time,X,Y
0.14,106.67,16.0
0.24,107.2,19.2
0.35,107.72999999999999,21.869999999999997
0.45,107.72999999999999,23.47
0.56,108.8,26.130000000000003
0.67,109.33,28.27
0.78,110.4,30.4
0.89,110.92999999999999,33.07
1.0,111.47,34.13
1.12,112.53,36.8
1.23,113.07000000000001,37.87
1.33,113.07000000000001,38.93
1.44,113.6,39.47
1.55,114.13,39.47
1.66,114.13,40.0
1.77,114.13,39.47
1.88,114.67,39.47
1.99,115.2,39.47
2.1,115.72999999999999,40.0
2.22,116.8,40.53
