Time,X,Y
0.1,122.13,58.67
0.21,122.13,58.129999999999995
0.31,121.6,56.0
0.42,120.53,53.870000000000005
0.54,120.0,52.8
0.64,118.92999999999999,49.6
0.75,117.87,46.93
0.86,117.87,46.4
0.97,117.87,44.8
1.08,117.33,43.730000000000004
1.19,117.33,43.730000000000004
1.3,117.87,43.730000000000004
1.41,117.87,44.269999999999996
1.52,117.87,44.269999999999996
1.63,117.87,43.730000000000004
1.74,117.87,43.2
1.84,117.87,43.730000000000004
