Time,X,Y
0.12,102.92999999999999,60.8
0.23,103.47,58.129999999999995
0.34,104.0,56.529999999999994
0.46,104.0,53.33
0.56,104.53,51.73
0.67,105.07000000000001,48.53
0.78,105.6,44.8
0.89,105.6,43.2
0.99,106.67,41.07
1.1,108.27000000000001,38.93
1.21,109.33,38.4
1.32,110.92999999999999,37.33
1.43,112.0,36.8
1.54,113.07000000000001,37.33
1.65,114.13,38.4
1.77,114.13,38.4
1.87,114.67,38.4
1.99,115.2,38.93
2.1,115.2,38.4
2.21,115.2,38.4
2.33,115.2,38.4
2.44,115.2,38.4
2.55,115.2,38.4
2.66,115.2,38.4
