Time,X,Y
0.14,104.0,24.0
0.26,105.6,26.669999999999998
0.37,106.13,28.8
0.48,107.72999999999999,31.47
0.6,110.4,34.13
0.71,111.47,35.730000000000004
0.82,113.07000000000001,36.8
0.92,113.6,36.8
1.03,114.67,36.8
1.14,115.72999999999999,37.33
1.25,116.27000000000001,37.33
1.36,116.8,37.87
1.47,116.8,38.4
1.58,116.8,38.4
1.69,116.8,38.93
1.8,117.33,39.47
1.9,117.33,40.0
2.02,117.33,40.0
2.12,117.33,40.0
