Time,X,Y
0.9,93.33,7.470000000000001
1.0,91.2,8.0
1.11,90.67,7.470000000000001
1.32,90.67,7.470000000000001
1.43,90.67,7.470000000000001
3.54,104.0,18.669999999999998
3.94,104.0,20.27
4.05,104.0,20.27
10.0,119.47,42.13
10.11,119.47,42.13
10.23,119.47,42.13
10.34,119.47,42.13
10.45,119.47,42.13
10.56,119.47,42.13
10.68,119.47,42.13
10.79,119.47,42.13
10.9,119.47,42.13
