Time,X,Y
0.34,42.13,64.0
0.46,42.67,67.72999999999999
0.57,43.2,72.53
0.68,44.269999999999996,76.8
0.81,46.93,81.6
0.93,49.07,84.27000000000001
1.05,52.27,88.0
1.16,56.0,89.6
1.26,59.73,90.13
1.39,64.0,90.13
1.5,66.67,90.13
1.61,68.27000000000001,89.6
1.73,68.8,89.6
1.84,68.8,89.07000000000001
1.95,68.27000000000001,89.6
2.07,68.8,90.13
2.18,69.33,91.2
2.29,69.87,91.2
2.41,69.87,91.2
2.53,70.4,91.2
2.65,70.4,91.2
2.76,69.87,90.67
