Time,X,Y
0.45,116.34,41.57
0.51,115.82000000000001,40.78
0.63,116.08,40.0
0.69,116.08,39.739999999999995
0.75,115.82000000000001,39.480000000000004
0.81,116.08,39.22
0.87,116.08,39.22
0.93,116.08,39.22
0.98,116.34,39.22
1.04,116.08,39.22
1.1,116.08,38.95
1.17,115.82000000000001,38.95
1.23,115.55999999999999,38.43
1.29,115.55999999999999,38.17
1.34,115.55999999999999,37.39
1.4,115.55999999999999,37.12
1.46,115.29,37.12
1.51,115.03,36.86
1.57,115.03,36.6
1.63,115.03,36.6
